{
    "KeyObject": [
        {
            "Key": 144,
            "Ignore": true,
            "KeyScript": null
        },
        {
            "Key": 111,
            "Ignore": true,
            "KeyScript": null
        },
        {
            "Key": 106,
            "Ignore": true,
            "KeyScript": null
        },
        {
            "Key": 109,
            "Ignore": true,
            "KeyScript": [
                {
                    "Type": "VirtualKey",
                    "SendKeys": null,
                    "VirtualKey": 
                    {
                        "Keys": [
                            17,
                            90
                        ]
                    }
                }
            ]
        },
        {
            "Key": 103,
            "Ignore": true,
            "KeyScript": [
                {
                    "Type": "VirtualKey",
                    "SendKeys": null,
                    "VirtualKey": 
                    {
                        "Keys": [
                            66
                        ]
                    }
                }
            ]
        },
        {
            "Key": 104,
            "Ignore": true,
            "KeyScript": [
                {
                    "Type": "VirtualKey",
                    "SendKeys": null,
                    "VirtualKey": 
                    {
                        "Keys": [
                            69
                        ]
                    }
                }
            ]
        },
        {
            "Key": 105,
            "Ignore": true,
            "KeyScript": [
                {
                    "Type": "VirtualKey",
                    "SendKeys": null,
                    "VirtualKey": 
                    {
                        "Keys": [
                            32
                        ]
                    }
                }
            ]
        },
        {
            "Key": 107,
            "Ignore": true,
            "KeyScript": [
                {
                    "Type": "VirtualKey",
                    "SendKeys": null,
                    "VirtualKey": 
                    {
                        "Keys": [
                            17,
                            16,
                            90
                        ]
                    }
                }
            ]
        },
        {
            "Key": 100,
            "Ignore": true,
            "KeyScript": null
        },
        {
            "Key": 101,
            "Ignore": true,
            "KeyScript": [
                {
                    "Type": "VirtualKey",
                    "SendKeys": null,
                    "VirtualKey": 
                    {
                        "Keys": [
                            32
                        ]
                    }
                }
            ]
        },
        {
            "Key": 102,
            "Ignore": true,
            "KeyScript": null
        },
        {
            "Key": 97,
            "Ignore": true,
            "KeyScript": null
        },
        {
            "Key": 98,
            "Ignore": true,
            "KeyScript": null
        },
        {
            "Key": 99,
            "Ignore": true,
            "KeyScript": null
        },
        {
            "Key": 13,
            "Ignore": false,
            "KeyScript": null
        },
        {
            "Key": 96,
            "Ignore": true,
            "KeyScript": [
                {
                    "Type": "VirtualKey",
                    "SendKeys": null,
                    "VirtualKey": 
                    {
                        "Keys": [
                            32
                        ]
                    }
                }
            ]
        },
        {
            "Key": 110,
            "Ignore": true,
            "KeyScript": null
        }
    ],
    "WVKeys": [
        144,
        111,
        106,
        109,
        103,
        104,
        105,
        107,
        100,
        101,
        102,
        97,
        98,
        99,
        13,
        96,
        110
    ]
}