{
    "KeyObject": [
        {
            "Key": 144,
            "Ignore": false,
            "KeyScript": [
                {
                    "Type": null,
                    "SendKeys": null,
                    "VirtualKey": null,
                    "Macro": null
                }
            ]
        },
        {
            "Key": 111,
            "Ignore": true,
            "KeyScript": [
                {
                    "Type": null,
                    "SendKeys": null,
                    "VirtualKey": null,
                    "Macro": null
                }
            ]
        },
        {
            "Key": 106,
            "Ignore": true,
            "KeyScript": null
        },
        {
            "Key": 109,
            "Ignore": true,
            "KeyScript": null
        },
        {
            "Key": 103,
            "Ignore": true,
            "KeyScript": [
                {
                    "Type": null,
                    "SendKeys": null,
                    "VirtualKey": null,
                    "Macro": 
                    {
                        "AD": true,
                        "Code": ":ASDASDS\n-87\n|93\n+87\n-65\n|92\n+65\n-83\n|71\n+83\n-65\n|82\n+65\n-78\n|62\n+78\n-83\n|80\n+83\n-160\n-49\n|87\n+49\n|17\n+160\n|5000\n\u003eASDASDS"
                    }
                }
            ]
        },
        {
            "Key": 104,
            "Ignore": true,
            "KeyScript": [
                {
                    "Type": null,
                    "SendKeys": null,
                    "VirtualKey": null,
                    "Macro": null
                }
            ]
        },
        {
            "Key": 105,
            "Ignore": true,
            "KeyScript": null
        },
        {
            "Key": 107,
            "Ignore": true,
            "KeyScript": null
        },
        {
            "Key": 100,
            "Ignore": true,
            "KeyScript": null
        },
        {
            "Key": 101,
            "Ignore": true,
            "KeyScript": null
        },
        {
            "Key": 102,
            "Ignore": true,
            "KeyScript": null
        },
        {
            "Key": 97,
            "Ignore": true,
            "KeyScript": null
        },
        {
            "Key": 98,
            "Ignore": true,
            "KeyScript": null
        },
        {
            "Key": 99,
            "Ignore": true,
            "KeyScript": null
        },
        {
            "Key": 13,
            "Ignore": false,
            "KeyScript": [
                {
                    "Type": null,
                    "SendKeys": null,
                    "VirtualKey": null,
                    "Macro": null
                }
            ]
        },
        {
            "Key": 96,
            "Ignore": true,
            "KeyScript": null
        },
        {
            "Key": 110,
            "Ignore": true,
            "KeyScript": null
        }
    ],
    "WVKeys": [
        144,
        111,
        106,
        109,
        103,
        104,
        105,
        107,
        100,
        101,
        102,
        97,
        98,
        99,
        13,
        96,
        110
    ],
    "Language": "ko-KR"
}