{
  "Last_Version": "1.0.0.1",
  "Version_History": [
    {
      "Version": "1.0.0.1",
      "Title": "NUMC",
      "SubTitle": "1.0.0.1 - Hotfix",
      "Release_Notes": "{\\rtf1\\ansi\\ansicpg949\\deff0\\nouicompat\\deflang1033\\deflangfe1042{\\fonttbl{\\f0\\fnil\\fcharset129 \\\u0027b8\\\u0027bc\\\u0027c0\\\u0027ba \\\u0027b0\\\u0027ed\\\u0027b5\\\u0027f1;}{\\f1\\fnil\\fcharset0 Segoe UI;}}\n{\\colortbl ;\\red255\\green255\\blue255;}\n{\\*\\generator Riched20 10.0.19041}\\viewkind4\\uc1 \n\\pard\\sa200\\sl276\\slmult1\\cf1\\b\\f0\\fs28\\lang1042\\\u0027c7\\\u0027c1\\\u0027b7\\\u0027ce\\\u0027b1\\\u0027d7\\\u0027b7\\\u0027a5\\f1  \\f0\\\u0027c1\\\u0027df\\\u0027ba\\\u0027b9\\f1  \\f0\\\u0027bd\\\u0027c7\\\u0027c7\\\u0027e0\\f1  - \\f0\\\u0027c7\\\u0027d8\\\u0027b0\\\u0027e1\\\u0027b5\\\u0027ca\\cf0\\b0\\fs20\\lang18\\par\n}",
      "Portable_Download": "https://raw.githubusercontent.com/SojuShoveling/NUMC/master/History/1.0.0.1/NUMC.exe"
    }
  ]
}