{
  "Last_Version": "1.0.0.0",
  "Version_History": [
    {
      "Version": "1.0.0.0",
      "Title": "NUMC",
      "SubTitle": "1.0.0.0 - Initial commit",
      "Release_Notes": "{\\rtf1\\ansi\\ansicpg949\\deff0\\nouicompat\\deflang1033\\deflangfe1042{\\fonttbl{\\f0\\fnil\\fcharset129 \\\u0027b8\\\u0027bc\\\u0027c0\\\u0027ba \\\u0027b0\\\u0027ed\\\u0027b5\\\u0027f1;}}\n{\\colortbl ;\\red255\\green255\\blue255;}\n{\\*\\generator Riched20 10.0.19041}\\viewkind4\\uc1 \n\\pard\\sa200\\sl276\\slmult1\\cf1\\b\\f0\\fs40\\lang18 Update Notes\\cf0\\b0\\fs20\\par\n}",
      "Portable_Download": "https://raw.githubusercontent.com/SojuShoveling/NUMC/master/History/1.0.0.0/NUMC.exe"
    }
  ]
}